{
  "templater-obsidian:templates/5 stars.md": [
    {
      "modifiers": [
        "Mod"
      ],
      "key": "5"
    }
  ],
  "workspace:goto-tab-5": [],
  "templater-obsidian:replace-in-file-templater": [
    {
      "modifiers": [
        "Mod"
      ],
      "key": "R"
    }
  ],
  "templater-obsidian:create-new-note-from-template": [
    {
      "modifiers": [
        "Mod"
      ],
      "key": "M"
    }
  ],
  "zk-prefixer": [
    {
      "modifiers": [
        "Mod"
      ],
      "key": "N"
    }
  ],
  "file-explorer:new-file": [],
  "insert-template": [
    {
      "modifiers": [
        "Alt"
      ],
      "key": "M"
    }
  ],
  "markdown:toggle-preview": [],
  "google-calendar:create-google-calendar-event": [
    {
      "modifiers": [
        "Mod"
      ],
      "key": "E"
    }
  ]
}