{"history":{"2023-05-17":{"words":0,"characters":0,"sentences":0,"pages":0,"files":0,"footnotes":0,"citations":0,"totalWords":57242,"totalCharacters":363433,"totalSentences":2997,"totalFootnotes":0,"totalCitations":0,"totalPages":190.4999999999998},"2023-05-18":{"words":2283,"characters":15947,"sentences":37,"pages":7.299999999999999,"files":233,"footnotes":0,"citations":0,"totalWords":69087,"totalCharacters":437646,"totalSentences":3471,"totalFootnotes":40,"totalCitations":40,"totalPages":229.79999999999984},"2023-05-19":{"words":129,"characters":1031,"sentences":4,"pages":0.3999999999999999,"files":245,"footnotes":0,"citations":0,"totalWords":67187,"totalCharacters":427083,"totalSentences":3371,"totalFootnotes":0,"totalCitations":0,"totalPages":223.29999999999973},"2023-05-21":{"words":157,"characters":1179,"sentences":4,"pages":0.5999999999999996,"files":265,"footnotes":0,"citations":0,"totalWords":69937,"totalCharacters":443449,"totalSentences":3510,"totalFootnotes":1,"totalCitations":1,"totalPages":232.69999999999987},"2023-05-22":{"words":569,"characters":5075,"sentences":18,"pages":2.1,"files":276,"footnotes":0,"citations":0,"totalWords":70906,"totalCharacters":451444,"totalSentences":3550,"totalFootnotes":0,"totalCitations":0,"totalPages":235.9999999999998},"2023-05-23":{"words":3226,"characters":24869,"sentences":17,"pages":10.599999999999998,"files":276,"footnotes":0,"citations":0,"totalWords":74241,"totalCharacters":476829,"totalSentences":3591,"totalFootnotes":0,"totalCitations":0,"totalPages":246.69999999999987},"2023-05-24":{"words":2381,"characters":15413,"sentences":83,"pages":7.800000000000001,"files":288,"footnotes":0,"citations":0,"totalWords":77072,"totalCharacters":495909,"totalSentences":3698,"totalFootnotes":0,"totalCitations":0,"totalPages":256.09999999999974},"2023-05-25":{"words":2567,"characters":17740,"sentences":164,"pages":8.6,"files":291,"footnotes":0,"citations":0,"totalWords":79876,"totalCharacters":515434,"totalSentences":3873,"totalFootnotes":4570,"totalCitations":4570,"totalPages":265.50000000000006},"2023-05-26":{"words":960,"characters":5735,"sentences":28,"pages":3.1,"files":294,"footnotes":0,"citations":0,"totalWords":81159,"totalCharacters":523341,"totalSentences":3913,"totalFootnotes":3552,"totalCitations":3552,"totalPages":269.4999999999999},"2023-05-27":{"words":36,"characters":289,"sentences":0,"pages":0.19999999999999996,"files":295,"footnotes":0,"citations":0,"totalWords":81253,"totalCharacters":524090,"totalSentences":3914,"totalFootnotes":0,"totalCitations":0,"totalPages":269.7999999999999},"2023-05-30":{"words":212,"characters":1366,"sentences":4,"pages":0.8,"files":297,"footnotes":0,"citations":0,"totalWords":81537,"totalCharacters":526023,"totalSentences":3919,"totalFootnotes":2432,"totalCitations":2432,"totalPages":270.80000000000007},"2023-05-31":{"words":158,"characters":984,"sentences":25,"pages":0.7,"files":301,"footnotes":0,"citations":0,"totalWords":81869,"totalCharacters":528398,"totalSentences":3949,"totalFootnotes":1799,"totalCitations":1799,"totalPages":271.9999999999999},"2023-06-01":{"words":35,"characters":209,"sentences":0,"pages":0,"files":303,"footnotes":0,"citations":0,"totalWords":82010,"totalCharacters":529382,"totalSentences":3951,"totalFootnotes":123,"totalCitations":123,"totalPages":272.39999999999986},"2023-06-03":{"words":112,"characters":743,"sentences":6,"pages":0.4999999999999999,"files":305,"footnotes":0,"citations":0,"totalWords":82119,"totalCharacters":530212,"totalSentences":3958,"totalFootnotes":1528,"totalCitations":1528,"totalPages":272.8},"2023-06-04":{"words":66,"characters":449,"sentences":1,"pages":0.2,"files":309,"footnotes":0,"citations":0,"totalWords":82329,"totalCharacters":531761,"totalSentences":3965,"totalFootnotes":0,"totalCitations":0,"totalPages":273.4},"2023-06-05":{"words":31,"characters":205,"sentences":2,"pages":0.09999999999999998,"files":310,"footnotes":0,"citations":0,"totalWords":82360,"totalCharacters":531968,"totalSentences":3967,"totalFootnotes":88,"totalCitations":88,"totalPages":273.5},"2023-06-06":{"words":40,"characters":221,"sentences":1,"pages":0.10000000000000003,"files":311,"footnotes":0,"citations":0,"totalWords":82595,"totalCharacters":533622,"totalSentences":3971,"totalFootnotes":0,"totalCitations":0,"totalPages":274.29999999999995},"2023-06-10":{"words":204,"characters":1441,"sentences":2,"pages":0.6,"files":317,"footnotes":0,"citations":0,"totalWords":83176,"totalCharacters":538014,"totalSentences":3988,"totalFootnotes":11,"totalCitations":11,"totalPages":276.20000000000005},"2023-06-12":{"words":964,"characters":5998,"sentences":33,"pages":3.400000000000001,"files":322,"footnotes":0,"citations":0,"totalWords":84686,"totalCharacters":547827,"totalSentences":4036,"totalFootnotes":120,"totalCitations":120,"totalPages":281.4000000000001},"2023-06-13":{"words":1035,"characters":6882,"sentences":47,"pages":3.5999999999999996,"files":329,"footnotes":0,"citations":0,"totalWords":86524,"totalCharacters":560845,"totalSentences":4091,"totalFootnotes":17912,"totalCitations":17912,"totalPages":287.40000000000026},"2023-06-15":{"words":117,"characters":798,"sentences":11,"pages":0.39999999999999997,"files":325,"footnotes":0,"citations":0,"totalWords":85433,"totalCharacters":554074,"totalSentences":4039,"totalFootnotes":0,"totalCitations":0,"totalPages":283.79999999999995},"2023-06-17":{"words":27,"characters":175,"sentences":0,"pages":0.1,"files":327,"footnotes":0,"citations":0,"totalWords":85543,"totalCharacters":554892,"totalSentences":4041,"totalFootnotes":0,"totalCitations":0,"totalPages":284.2},"2023-06-20":{"words":128,"characters":928,"sentences":1,"pages":0.5000000000000001,"files":336,"footnotes":0,"citations":0,"totalWords":87123,"totalCharacters":565374,"totalSentences":4108,"totalFootnotes":190,"totalCitations":190,"totalPages":289.60000000000014},"2023-06-22":{"words":1948,"characters":19626,"sentences":31,"pages":6.6000000000000005,"files":343,"footnotes":0,"citations":0,"totalWords":89308,"totalCharacters":587217,"totalSentences":4147,"totalFootnotes":9863,"totalCitations":9863,"totalPages":297.00000000000045},"2023-06-23":{"words":0,"characters":0,"sentences":0,"pages":0,"files":343,"footnotes":0,"citations":0,"totalWords":89299,"totalCharacters":587170,"totalSentences":4146,"totalFootnotes":191,"totalCitations":191,"totalPages":296.9000000000001},"2023-06-24":{"words":0,"characters":0,"sentences":20,"pages":0,"files":343,"footnotes":0,"citations":0,"totalWords":88867,"totalCharacters":582895,"totalSentences":4166,"totalFootnotes":127838,"totalCitations":127838,"totalPages":295.4000000000003},"2023-06-26":{"words":57,"characters":360,"sentences":1,"pages":0.2,"files":344,"footnotes":0,"citations":0,"totalWords":89183,"totalCharacters":585202,"totalSentences":4171,"totalFootnotes":0,"totalCitations":0,"totalPages":296.60000000000014},"2023-06-27":{"words":380,"characters":2278,"sentences":26,"pages":1.2000000000000002,"files":347,"footnotes":0,"citations":0,"totalWords":89708,"totalCharacters":588315,"totalSentences":4214,"totalFootnotes":960,"totalCitations":960,"totalPages":298.3000000000002},"2023-06-28":{"words":497,"characters":2860,"sentences":19,"pages":1.7000000000000002,"files":351,"footnotes":0,"citations":0,"totalWords":90813,"totalCharacters":595504,"totalSentences":4247,"totalFootnotes":16202,"totalCitations":16202,"totalPages":302.0000000000003},"2023-06-29":{"words":686,"characters":4065,"sentences":24,"pages":2.1999999999999997,"files":353,"footnotes":0,"citations":0,"totalWords":91545,"totalCharacters":599936,"totalSentences":4273,"totalFootnotes":0,"totalCitations":0,"totalPages":304.40000000000015},"2023-06-30":{"words":93,"characters":651,"sentences":7,"pages":0.29999999999999993,"files":354,"footnotes":0,"citations":0,"totalWords":91735,"totalCharacters":601372,"totalSentences":4283,"totalFootnotes":0,"totalCitations":0,"totalPages":305.10000000000014},"2023-07-01":{"words":27,"characters":170,"sentences":0,"pages":0.10000000000000003,"files":357,"footnotes":0,"citations":0,"totalWords":92849,"totalCharacters":615647,"totalSentences":4288,"totalFootnotes":0,"totalCitations":0,"totalPages":308.8000000000002},"2023-07-02":{"words":0,"characters":0,"sentences":0,"pages":0,"files":358,"footnotes":0,"citations":0,"totalWords":93003,"totalCharacters":616830,"totalSentences":4289,"totalFootnotes":0,"totalCitations":0,"totalPages":309.3000000000002},"2023-07-03":{"words":125,"characters":792,"sentences":3,"pages":0.4,"files":361,"footnotes":0,"citations":0,"totalWords":93476,"totalCharacters":620540,"totalSentences":4299,"totalFootnotes":73,"totalCitations":73,"totalPages":310.80000000000024},"2023-07-04":{"words":677,"characters":4121,"sentences":30,"pages":2.1999999999999997,"files":361,"footnotes":0,"citations":0,"totalWords":94184,"totalCharacters":625001,"totalSentences":4329,"totalFootnotes":0,"totalCitations":0,"totalPages":313.2000000000002},"2023-07-05":{"words":860,"characters":5645,"sentences":29,"pages":2.9000000000000004,"files":365,"footnotes":0,"citations":0,"totalWords":95397,"totalCharacters":633402,"totalSentences":4362,"totalFootnotes":20512,"totalCitations":20512,"totalPages":317.2000000000003},"2023-07-06":{"words":1849,"characters":11857,"sentences":87,"pages":6.3,"files":365,"footnotes":0,"citations":0,"totalWords":97229,"totalCharacters":645124,"totalSentences":4449,"totalFootnotes":0,"totalCitations":0,"totalPages":323.4000000000002},"2023-07-07":{"words":7,"characters":44,"sentences":1,"pages":0,"files":366,"footnotes":0,"citations":0,"totalWords":91899,"totalCharacters":610009,"totalSentences":4230,"totalFootnotes":0,"totalCitations":0,"totalPages":305.60000000000014},"2023-07-08":{"words":0,"characters":0,"sentences":0,"pages":0,"files":0,"footnotes":0,"citations":0,"totalWords":97422,"totalCharacters":646632,"totalSentences":4453,"totalFootnotes":0,"totalCitations":0,"totalPages":324.1000000000002},"2023-07-11":{"words":0,"characters":0,"sentences":0,"pages":0,"files":0,"footnotes":0,"citations":0,"totalWords":97508,"totalCharacters":647312,"totalSentences":4454,"totalFootnotes":0,"totalCitations":0,"totalPages":324.4000000000002},"2023-07-14":{"words":0,"characters":0,"sentences":0,"pages":0,"files":0,"footnotes":0,"citations":0,"totalWords":97508,"totalCharacters":647312,"totalSentences":4454,"totalFootnotes":0,"totalCitations":0,"totalPages":324.4000000000002},"2023-07-15":{"words":1069,"characters":6601,"sentences":52,"pages":3.5,"files":375,"footnotes":0,"citations":0,"totalWords":99378,"totalCharacters":661623,"totalSentences":4516,"totalFootnotes":21653,"totalCitations":21653,"totalPages":330.50000000000045},"2023-07-16":{"words":9872,"characters":241935,"sentences":714,"pages":32.9,"files":375,"footnotes":0,"citations":0,"totalWords":109250,"totalCharacters":903561,"totalSentences":5230,"totalFootnotes":13356,"totalCitations":13356,"totalPages":363.4000000000006},"2023-07-18":{"words":2809,"characters":56948,"sentences":161,"pages":9.3,"files":382,"footnotes":0,"citations":0,"totalWords":124937,"totalCharacters":1280729,"totalSentences":6320,"totalFootnotes":1936,"totalCitations":1936,"totalPages":415.70000000000084},"2023-07-19":{"words":3662,"characters":31196,"sentences":119,"pages":12.3,"files":385,"footnotes":0,"citations":0,"totalWords":130271,"totalCharacters":1326398,"totalSentences":6480,"totalFootnotes":0,"totalCitations":0,"totalPages":433.5000000000008},"2023-07-20":{"words":7495,"characters":119243,"sentences":516,"pages":24.799999999999997,"files":388,"footnotes":0,"citations":0,"totalWords":139648,"totalCharacters":1507047,"totalSentences":7106,"totalFootnotes":0,"totalCitations":0,"totalPages":464.60000000000065},"2023-07-22":{"words":0,"characters":0,"sentences":0,"pages":0,"files":0,"footnotes":0,"citations":0,"totalWords":139699,"totalCharacters":1507455,"totalSentences":7107,"totalFootnotes":0,"totalCitations":0,"totalPages":464.80000000000064},"2023-07-24":{"words":478,"characters":2818,"sentences":9,"pages":1.5,"files":392,"footnotes":0,"citations":0,"totalWords":140203,"totalCharacters":1510540,"totalSentences":7119,"totalFootnotes":0,"totalCitations":0,"totalPages":466.40000000000066},"2023-07-25":{"words":7,"characters":29,"sentences":0,"pages":0,"files":392,"footnotes":0,"citations":0,"totalWords":140210,"totalCharacters":1510570,"totalSentences":7119,"totalFootnotes":10,"totalCitations":10,"totalPages":466.40000000000066},"2023-07-29":{"words":0,"characters":0,"sentences":0,"pages":0,"files":0,"footnotes":0,"citations":0,"totalWords":96145,"totalCharacters":638543,"totalSentences":4389,"totalFootnotes":0,"totalCitations":0,"totalPages":319.8000000000001},"2023-07-30":{"words":0,"characters":0,"sentences":0,"pages":0,"files":390,"footnotes":0,"citations":0,"totalWords":138938,"totalCharacters":1502891,"totalSentences":7044,"totalFootnotes":12,"totalCitations":12,"totalPages":462.2000000000001},"2023-08-02":{"words":1,"characters":3,"sentences":0,"pages":0.1,"files":392,"footnotes":0,"citations":0,"totalWords":139272,"totalCharacters":1505051,"totalSentences":7060,"totalFootnotes":3,"totalCitations":3,"totalPages":463.50000000000017},"2023-08-04":{"words":0,"characters":0,"sentences":0,"pages":0,"files":0,"footnotes":0,"citations":0,"totalWords":139368,"totalCharacters":1505777,"totalSentences":7062,"totalFootnotes":0,"totalCitations":0,"totalPages":463.8000000000002},"2023-08-27":{"words":19,"characters":135,"sentences":0,"pages":0.09999999999999998,"files":400,"footnotes":0,"citations":0,"totalWords":140760,"totalCharacters":1514767,"totalSentences":7127,"totalFootnotes":388,"totalCitations":388,"totalPages":468.5000000000007},"2023-08-28":{"words":7,"characters":59,"sentences":0,"pages":0,"files":400,"footnotes":0,"citations":0,"totalWords":140767,"totalCharacters":1514827,"totalSentences":7127,"totalFootnotes":146,"totalCitations":146,"totalPages":468.5000000000007},"2023-08-31":{"words":108,"characters":694,"sentences":3,"pages":0.4,"files":402,"footnotes":0,"citations":0,"totalWords":141042,"totalCharacters":1516758,"totalSentences":7132,"totalFootnotes":2386,"totalCitations":2386,"totalPages":469.5000000000006},"2023-09-20":{"words":237,"characters":1308,"sentences":14,"pages":0.8999999999999999,"files":405,"footnotes":0,"citations":0,"totalWords":141437,"totalCharacters":1519696,"totalSentences":7148,"totalFootnotes":2014,"totalCitations":2014,"totalPages":470.9000000000008},"2023-09-26":{"words":17,"characters":119,"sentences":0,"pages":0,"files":405,"footnotes":0,"citations":0,"totalWords":141456,"totalCharacters":1519820,"totalSentences":7148,"totalFootnotes":605,"totalCitations":605,"totalPages":470.9000000000007},"2023-09-28":{"words":90,"characters":511,"sentences":1,"pages":0.3,"files":407,"footnotes":0,"citations":0,"totalWords":141630,"totalCharacters":1520978,"totalSentences":7150,"totalFootnotes":1318,"totalCitations":1318,"totalPages":471.5000000000008},"2023-10-02":{"words":77,"characters":435,"sentences":1,"pages":0.30000000000000004,"files":408,"footnotes":0,"citations":0,"totalWords":141708,"totalCharacters":1521416,"totalSentences":7152,"totalFootnotes":554,"totalCitations":554,"totalPages":471.80000000000075},"2023-10-03":{"words":411,"characters":2094,"sentences":14,"pages":1.4,"files":408,"footnotes":0,"citations":0,"totalWords":142122,"totalCharacters":1523517,"totalSentences":7167,"totalFootnotes":10420,"totalCitations":10420,"totalPages":473.2000000000009},"2023-10-05":{"words":69,"characters":392,"sentences":5,"pages":0.10000000000000009,"files":409,"footnotes":0,"citations":0,"totalWords":142191,"totalCharacters":1523913,"totalSentences":7172,"totalFootnotes":84,"totalCitations":84,"totalPages":473.30000000000075},"2023-10-06":{"words":135,"characters":697,"sentences":3,"pages":0.5,"files":410,"footnotes":0,"citations":0,"totalWords":142327,"totalCharacters":1524617,"totalSentences":7175,"totalFootnotes":186,"totalCitations":186,"totalPages":473.8000000000008},"2023-10-08":{"words":1,"characters":13,"sentences":0,"pages":0,"files":410,"footnotes":0,"citations":0,"totalWords":142328,"totalCharacters":1524630,"totalSentences":7175,"totalFootnotes":39,"totalCitations":39,"totalPages":473.80000000000075},"2023-10-11":{"words":221,"characters":1463,"sentences":21,"pages":0.8,"files":412,"footnotes":0,"citations":0,"totalWords":142635,"totalCharacters":1526692,"totalSentences":7197,"totalFootnotes":1812,"totalCitations":1812,"totalPages":474.9000000000008},"2023-10-12":{"words":346,"characters":2008,"sentences":19,"pages":1.1,"files":413,"footnotes":0,"citations":0,"totalWords":142948,"totalCharacters":1528495,"totalSentences":7217,"totalFootnotes":6466,"totalCitations":6466,"totalPages":475.90000000000083},"2023-10-13":{"words":345,"characters":2357,"sentences":16,"pages":1.2,"files":415,"footnotes":0,"citations":0,"totalWords":143943,"totalCharacters":1535120,"totalSentences":7270,"totalFootnotes":28,"totalCitations":28,"totalPages":479.2000000000007},"2023-10-14":{"words":178,"characters":1073,"sentences":9,"pages":0.5,"files":419,"footnotes":0,"citations":0,"totalWords":144122,"totalCharacters":1536200,"totalSentences":7279,"totalFootnotes":973,"totalCitations":973,"totalPages":479.7000000000008},"2023-10-15":{"words":928,"characters":5486,"sentences":46,"pages":3.0999999999999996,"files":420,"footnotes":0,"citations":0,"totalWords":145014,"totalCharacters":1541446,"totalSentences":7325,"totalFootnotes":12823,"totalCitations":12823,"totalPages":482.7000000000007},"2023-10-16":{"words":780,"characters":4545,"sentences":62,"pages":2.6000000000000005,"files":424,"footnotes":0,"citations":0,"totalWords":145795,"totalCharacters":1545995,"totalSentences":7388,"totalFootnotes":93,"totalCitations":93,"totalPages":485.3000000000007},"2023-10-17":{"words":2334,"characters":14673,"sentences":186,"pages":7.6000000000000005,"files":433,"footnotes":0,"citations":0,"totalWords":150625,"totalCharacters":1577773,"totalSentences":7763,"totalFootnotes":202,"totalCitations":202,"totalPages":501.2000000000008},"2023-10-18":{"words":3,"characters":28,"sentences":0,"pages":0,"files":433,"footnotes":0,"citations":0,"totalWords":150628,"totalCharacters":1577802,"totalSentences":7764,"totalFootnotes":41,"totalCitations":41,"totalPages":501.2000000000008},"2023-10-19":{"words":320,"characters":2357,"sentences":10,"pages":1.1,"files":434,"footnotes":0,"citations":0,"totalWords":150954,"totalCharacters":1580247,"totalSentences":7775,"totalFootnotes":56,"totalCitations":56,"totalPages":502.3000000000008},"2023-10-24":{"words":773,"characters":4183,"sentences":50,"pages":2.7,"files":436,"footnotes":0,"citations":0,"totalWords":151809,"totalCharacters":1585073,"totalSentences":7826,"totalFootnotes":23495,"totalCitations":23495,"totalPages":505.30000000000103},"2023-10-25":{"words":1494,"characters":7637,"sentences":114,"pages":5,"files":436,"footnotes":0,"citations":0,"totalWords":153304,"totalCharacters":1592714,"totalSentences":7940,"totalFootnotes":0,"totalCitations":0,"totalPages":510.3000000000008},"2023-11-02":{"words":484,"characters":2904,"sentences":23,"pages":1.6,"files":437,"footnotes":0,"citations":0,"totalWords":153789,"totalCharacters":1595619,"totalSentences":7964,"totalFootnotes":68382,"totalCitations":68382,"totalPages":511.90000000000094},"2023-11-05":{"words":4,"characters":28,"sentences":0,"pages":0,"files":437,"footnotes":0,"citations":0,"totalWords":153793,"totalCharacters":1595649,"totalSentences":7964,"totalFootnotes":1218,"totalCitations":1218,"totalPages":511.90000000000083},"2023-11-06":{"words":10,"characters":53,"sentences":0,"pages":0,"files":437,"footnotes":0,"citations":0,"totalWords":153803,"totalCharacters":1595699,"totalSentences":7964,"totalFootnotes":3024,"totalCitations":3024,"totalPages":511.90000000000083},"2023-11-07":{"words":3,"characters":21,"sentences":0,"pages":0,"files":437,"footnotes":0,"citations":0,"totalWords":153806,"totalCharacters":1595722,"totalSentences":7964,"totalFootnotes":190,"totalCitations":190,"totalPages":511.90000000000083},"2023-11-09":{"words":45,"characters":261,"sentences":3,"pages":0.19999999999999996,"files":437,"footnotes":0,"citations":0,"totalWords":153890,"totalCharacters":1596342,"totalSentences":7969,"totalFootnotes":0,"totalCitations":0,"totalPages":512.2000000000008},"2023-11-10":{"words":150,"characters":816,"sentences":3,"pages":0.5,"files":439,"footnotes":0,"citations":0,"totalWords":161150,"totalCharacters":1678942,"totalSentences":7986,"totalFootnotes":0,"totalCitations":0,"totalPages":536.4000000000008},"2023-11-11":{"words":725,"characters":4354,"sentences":44,"pages":2.4,"files":440,"footnotes":0,"citations":0,"totalWords":163733,"totalCharacters":1698003,"totalSentences":8068,"totalFootnotes":128181,"totalCitations":128181,"totalPages":545.0000000000011},"2023-11-12":{"words":339,"characters":1891,"sentences":31,"pages":1.1,"files":441,"footnotes":0,"citations":0,"totalWords":164072,"totalCharacters":1699896,"totalSentences":8099,"totalFootnotes":39117,"totalCitations":39117,"totalPages":546.100000000001},"2023-11-16":{"words":97,"characters":620,"sentences":2,"pages":0.3,"files":443,"footnotes":0,"citations":0,"totalWords":164251,"totalCharacters":1701158,"totalSentences":8102,"totalFootnotes":1628,"totalCitations":1628,"totalPages":546.7000000000008},"2023-11-17":{"words":9,"characters":135,"sentences":1,"pages":0,"files":444,"footnotes":0,"citations":0,"totalWords":164262,"totalCharacters":1701297,"totalSentences":8104,"totalFootnotes":31,"totalCitations":31,"totalPages":546.7000000000007},"2023-11-24":{"words":0,"characters":0,"sentences":0,"pages":0,"files":0,"footnotes":0,"citations":0,"totalWords":162333,"totalCharacters":1690064,"totalSentences":8002,"totalFootnotes":0,"totalCitations":0,"totalPages":540.4000000000004},"2023-11-26":{"words":0,"characters":0,"sentences":0,"pages":0,"files":0,"footnotes":0,"citations":0,"totalWords":164432,"totalCharacters":1702669,"totalSentences":8106,"totalFootnotes":0,"totalCitations":0,"totalPages":547.4000000000008},"2023-12-01":{"words":167,"characters":1101,"sentences":3,"pages":0.5,"files":449,"footnotes":0,"citations":0,"totalWords":164681,"totalCharacters":1704413,"totalSentences":8111,"totalFootnotes":852,"totalCitations":852,"totalPages":548.2000000000008},"2023-12-04":{"words":0,"characters":0,"sentences":0,"pages":0,"files":0,"footnotes":0,"citations":0,"totalWords":164783,"totalCharacters":1705196,"totalSentences":8112,"totalFootnotes":0,"totalCitations":0,"totalPages":548.5000000000007},"2023-12-08":{"words":0,"characters":0,"sentences":0,"pages":0,"files":0,"footnotes":0,"citations":0,"totalWords":164845,"totalCharacters":1705695,"totalSentences":8113,"totalFootnotes":0,"totalCitations":0,"totalPages":548.8000000000009},"2023-12-10":{"words":38,"characters":270,"sentences":0,"pages":0.2,"files":452,"footnotes":0,"citations":0,"totalWords":164896,"totalCharacters":1706809,"totalSentences":8114,"totalFootnotes":216,"totalCitations":216,"totalPages":549.0000000000009},"2023-12-11":{"words":260,"characters":1730,"sentences":6,"pages":0.8999999999999999,"files":455,"footnotes":0,"citations":0,"totalWords":166347,"totalCharacters":1724558,"totalSentences":8124,"totalFootnotes":98,"totalCitations":98,"totalPages":553.9000000000009},"2023-12-12":{"words":210,"characters":1354,"sentences":8,"pages":0.6,"files":456,"footnotes":0,"citations":0,"totalWords":166594,"totalCharacters":1726211,"totalSentences":8133,"totalFootnotes":0,"totalCitations":0,"totalPages":554.6000000000008},"2023-12-13":{"words":55,"characters":390,"sentences":1,"pages":0.19999999999999998,"files":457,"footnotes":0,"citations":0,"totalWords":172208,"totalCharacters":1874959,"totalSentences":8135,"totalFootnotes":1093,"totalCitations":1093,"totalPages":573.4000000000009},"2023-12-14":{"words":96,"characters":664,"sentences":2,"pages":0.30000000000000004,"files":458,"footnotes":0,"citations":0,"totalWords":172326,"totalCharacters":1875805,"totalSentences":8138,"totalFootnotes":1301,"totalCitations":1301,"totalPages":573.800000000001},"2023-12-15":{"words":4,"characters":28,"sentences":0,"pages":0,"files":459,"footnotes":0,"citations":0,"totalWords":172345,"totalCharacters":1875955,"totalSentences":8139,"totalFootnotes":26,"totalCitations":26,"totalPages":573.9000000000009},"2023-12-18":{"words":93,"characters":461,"sentences":6,"pages":0.4,"files":461,"footnotes":0,"citations":0,"totalWords":172400,"totalCharacters":1876176,"totalSentences":8147,"totalFootnotes":0,"totalCitations":0,"totalPages":574.200000000001},"2023-12-21":{"words":0,"characters":0,"sentences":0,"pages":0,"files":0,"footnotes":0,"citations":0,"totalWords":172482,"totalCharacters":1876817,"totalSentences":8148,"totalFootnotes":0,"totalCitations":0,"totalPages":574.500000000001},"2023-12-22":{"words":21,"characters":142,"sentences":1,"pages":0,"files":462,"footnotes":0,"citations":0,"totalWords":172676,"totalCharacters":1877930,"totalSentences":8156,"totalFootnotes":6821,"totalCitations":6821,"totalPages":575.1000000000009},"2023-12-28":{"words":0,"characters":0,"sentences":0,"pages":0,"files":0,"footnotes":0,"citations":0,"totalWords":172676,"totalCharacters":1877929,"totalSentences":8156,"totalFootnotes":0,"totalCitations":0,"totalPages":575.1000000000009},"2023-12-29":{"words":181,"characters":955,"sentences":10,"pages":0.6000000000000004,"files":463,"footnotes":0,"citations":0,"totalWords":172858,"totalCharacters":1878890,"totalSentences":8166,"totalFootnotes":0,"totalCitations":0,"totalPages":575.700000000001},"2024-01-02":{"words":9,"characters":81,"sentences":0,"pages":0,"files":465,"footnotes":0,"citations":0,"totalWords":173036,"totalCharacters":1880294,"totalSentences":8168,"totalFootnotes":86,"totalCitations":86,"totalPages":576.300000000001},"2024-01-09":{"words":0,"characters":0,"sentences":0,"pages":0,"files":0,"footnotes":0,"citations":0,"totalWords":173132,"totalCharacters":1881039,"totalSentences":8171,"totalFootnotes":0,"totalCitations":0,"totalPages":576.6000000000009},"2024-01-10":{"words":20,"characters":126,"sentences":1,"pages":0.1,"files":467,"footnotes":0,"citations":0,"totalWords":173298,"totalCharacters":1882323,"totalSentences":8175,"totalFootnotes":0,"totalCitations":0,"totalPages":577.100000000001},"2024-01-11":{"words":16,"characters":129,"sentences":0,"pages":0.1,"files":471,"footnotes":0,"citations":0,"totalWords":173402,"totalCharacters":1882962,"totalSentences":8180,"totalFootnotes":13,"totalCitations":13,"totalPages":577.400000000001},"2024-01-20":{"words":131,"characters":847,"sentences":10,"pages":0.4,"files":476,"footnotes":0,"citations":0,"totalWords":173854,"totalCharacters":1885791,"totalSentences":8195,"totalFootnotes":1270,"totalCitations":1270,"totalPages":578.900000000001},"2024-01-21":{"words":0,"characters":9,"sentences":1,"pages":0,"files":476,"footnotes":0,"citations":0,"totalWords":173855,"totalCharacters":1885801,"totalSentences":8197,"totalFootnotes":58,"totalCitations":58,"totalPages":578.900000000001},"2024-01-22":{"words":0,"characters":0,"sentences":0,"pages":0,"files":0,"footnotes":0,"citations":0,"totalWords":171736,"totalCharacters":1873340,"totalSentences":8080,"totalFootnotes":0,"totalCitations":0,"totalPages":571.9000000000005},"2024-01-24":{"words":311,"characters":2206,"sentences":12,"pages":1,"files":483,"footnotes":0,"citations":0,"totalWords":174413,"totalCharacters":1889935,"totalSentences":8215,"totalFootnotes":52,"totalCitations":52,"totalPages":580.8000000000008},"2024-01-26":{"words":112,"characters":650,"sentences":6,"pages":0.4,"files":484,"footnotes":0,"citations":0,"totalWords":174526,"totalCharacters":1890589,"totalSentences":8221,"totalFootnotes":5156,"totalCitations":5156,"totalPages":581.2000000000008},"2024-01-27":{"words":1,"characters":10,"sentences":0,"pages":0,"files":486,"footnotes":0,"citations":0,"totalWords":174736,"totalCharacters":1892223,"totalSentences":8225,"totalFootnotes":63,"totalCitations":63,"totalPages":581.9000000000007},"2024-01-28":{"words":198,"characters":1263,"sentences":40,"pages":0.7,"files":488,"footnotes":0,"citations":0,"totalWords":175465,"totalCharacters":1897180,"totalSentences":8283,"totalFootnotes":21581,"totalCitations":21581,"totalPages":584.4000000000009},"2024-01-29":{"words":770,"characters":4435,"sentences":34,"pages":2.6,"files":489,"footnotes":0,"citations":0,"totalWords":176272,"totalCharacters":1901859,"totalSentences":8317,"totalFootnotes":153654,"totalCitations":153654,"totalPages":587.1000000000013},"2024-01-30":{"words":0,"characters":0,"sentences":0,"pages":0,"files":490,"footnotes":0,"citations":0,"totalWords":176272,"totalCharacters":1901861,"totalSentences":8318,"totalFootnotes":0,"totalCitations":0,"totalPages":587.1000000000007},"2024-01-31":{"words":190,"characters":1084,"sentences":16,"pages":0.6000000000000001,"files":490,"footnotes":0,"citations":0,"totalWords":176462,"totalCharacters":1902946,"totalSentences":8334,"totalFootnotes":73111,"totalCitations":73111,"totalPages":587.7000000000008},"2024-02-01":{"words":238,"characters":1309,"sentences":16,"pages":0.8,"files":490,"footnotes":0,"citations":0,"totalWords":176701,"totalCharacters":1904261,"totalSentences":8351,"totalFootnotes":128787,"totalCitations":128787,"totalPages":588.5000000000009},"2024-02-03":{"words":386,"characters":2113,"sentences":20,"pages":1.3,"files":493,"footnotes":0,"citations":0,"totalWords":177264,"totalCharacters":1907744,"totalSentences":8373,"totalFootnotes":47056,"totalCitations":47056,"totalPages":590.4000000000011},"2024-02-04":{"words":0,"characters":0,"sentences":0,"pages":0,"files":493,"footnotes":0,"citations":0,"totalWords":177263,"totalCharacters":1907739,"totalSentences":8372,"totalFootnotes":293,"totalCitations":293,"totalPages":590.4000000000008},"2024-02-05":{"words":813,"characters":5028,"sentences":27,"pages":2.8,"files":495,"footnotes":0,"citations":0,"totalWords":178161,"totalCharacters":1913359,"totalSentences":8401,"totalFootnotes":31595,"totalCitations":31595,"totalPages":593.5000000000013},"2024-02-06":{"words":124,"characters":863,"sentences":1,"pages":0.4999999999999999,"files":500,"footnotes":0,"citations":0,"totalWords":178368,"totalCharacters":1915054,"totalSentences":8405,"totalFootnotes":389,"totalCitations":389,"totalPages":594.200000000001},"2024-02-08":{"words":1,"characters":10,"sentences":0,"pages":0,"files":500,"footnotes":0,"citations":0,"totalWords":178370,"totalCharacters":1915065,"totalSentences":8406,"totalFootnotes":20,"totalCitations":20,"totalPages":594.200000000001},"2024-02-09":{"words":154,"characters":1101,"sentences":4,"pages":0.5,"files":502,"footnotes":0,"citations":0,"totalWords":178690,"totalCharacters":1917399,"totalSentences":8412,"totalFootnotes":395,"totalCitations":395,"totalPages":595.3000000000012},"2024-02-15":{"words":0,"characters":0,"sentences":0,"pages":0,"files":0,"footnotes":0,"citations":0,"totalWords":178636,"totalCharacters":1917104,"totalSentences":8412,"totalFootnotes":0,"totalCitations":0,"totalPages":595.1000000000012},"2024-02-19":{"words":139,"characters":875,"sentences":6,"pages":0.5,"files":504,"footnotes":0,"citations":0,"totalWords":178859,"totalCharacters":1918572,"totalSentences":8419,"totalFootnotes":4104,"totalCitations":4104,"totalPages":595.9000000000013},"2024-02-20":{"words":738,"characters":4486,"sentences":28,"pages":2.4000000000000004,"files":504,"footnotes":0,"citations":0,"totalWords":179609,"totalCharacters":1923464,"totalSentences":8448,"totalFootnotes":78155,"totalCitations":78155,"totalPages":598.3000000000013},"2024-02-21":{"words":191,"characters":1169,"sentences":5,"pages":0.5999999999999999,"files":505,"footnotes":0,"citations":0,"totalWords":179802,"totalCharacters":1924637,"totalSentences":8453,"totalFootnotes":1583,"totalCitations":1583,"totalPages":599.0000000000013},"2024-02-27":{"words":0,"characters":0,"sentences":0,"pages":0,"files":0,"footnotes":0,"citations":0,"totalWords":179803,"totalCharacters":1924642,"totalSentences":8454,"totalFootnotes":0,"totalCitations":0,"totalPages":599.0000000000011},"2024-02-28":{"words":255,"characters":1468,"sentences":7,"pages":0.8,"files":508,"footnotes":0,"citations":0,"totalWords":180140,"totalCharacters":1926758,"totalSentences":8462,"totalFootnotes":828,"totalCitations":828,"totalPages":600.1000000000012},"2024-02-29":{"words":136,"characters":839,"sentences":7,"pages":0.5,"files":509,"footnotes":0,"citations":0,"totalWords":180277,"totalCharacters":1927598,"totalSentences":8470,"totalFootnotes":3786,"totalCitations":3786,"totalPages":600.6000000000013},"2024-03-06":{"words":163,"characters":1108,"sentences":3,"pages":0.4,"files":512,"footnotes":0,"citations":0,"totalWords":180441,"totalCharacters":1928709,"totalSentences":8474,"totalFootnotes":1456,"totalCitations":1456,"totalPages":601.0000000000011},"2024-03-08":{"words":269,"characters":1536,"sentences":7,"pages":0.9,"files":517,"footnotes":0,"citations":0,"totalWords":181073,"totalCharacters":1933139,"totalSentences":8488,"totalFootnotes":9375,"totalCitations":9375,"totalPages":603.1000000000013},"2024-03-14":{"words":0,"characters":0,"sentences":0,"pages":0,"files":518,"footnotes":0,"citations":0,"totalWords":181155,"totalCharacters":1933782,"totalSentences":8489,"totalFootnotes":0,"totalCitations":0,"totalPages":603.400000000001},"2024-03-29":{"words":0,"characters":0,"sentences":0,"pages":0,"files":0,"footnotes":0,"citations":0,"totalWords":181155,"totalCharacters":1934423,"totalSentences":8490,"totalFootnotes":0,"totalCitations":0,"totalPages":603.700000000001},"2024-04-10":{"words":0,"characters":0,"sentences":0,"pages":0,"files":0,"footnotes":0,"citations":0,"totalWords":181339,"totalCharacters":1935206,"totalSentences":8491,"totalFootnotes":0,"totalCitations":0,"totalPages":604.000000000001},"2024-05-26":{"words":0,"characters":0,"sentences":0,"pages":0,"files":0,"footnotes":0,"citations":0,"totalWords":181483,"totalCharacters":1936346,"totalSentences":8493,"totalFootnotes":0,"totalCitations":0,"totalPages":604.600000000001},"2024-06-05":{"words":0,"characters":0,"sentences":0,"pages":0,"files":0,"footnotes":0,"citations":0,"totalWords":181522,"totalCharacters":1936703,"totalSentences":8495,"totalFootnotes":0,"totalCitations":0,"totalPages":604.7000000000011},"2024-06-12":{"words":0,"characters":0,"sentences":0,"pages":0,"files":0,"footnotes":0,"citations":0,"totalWords":181749,"totalCharacters":1946515,"totalSentences":8497,"totalFootnotes":0,"totalCitations":0,"totalPages":605.8000000000011},"2024-07-11":{"words":0,"characters":0,"sentences":0,"pages":0,"files":0,"footnotes":0,"citations":0,"totalWords":0,"totalCharacters":0,"totalSentences":0,"totalFootnotes":0,"totalCitations":0,"totalPages":0},"2024-08-23":{"words":0,"characters":0,"sentences":0,"pages":0,"files":0,"footnotes":0,"citations":0,"totalWords":181951,"totalCharacters":1946571,"totalSentences":8499,"totalFootnotes":0,"totalCitations":0,"totalPages":606.2000000000011},"2024-08-25":{"words":10,"characters":73,"sentences":1,"pages":0,"files":528,"footnotes":0,"citations":0,"totalWords":182043,"totalCharacters":1947286,"totalSentences":8501,"totalFootnotes":18,"totalCitations":18,"totalPages":606.500000000001},"2024-08-30":{"words":88,"characters":663,"sentences":3,"pages":0.3,"files":529,"footnotes":0,"citations":0,"totalWords":182233,"totalCharacters":1948732,"totalSentences":8505,"totalFootnotes":8,"totalCitations":8,"totalPages":607.100000000001},"2024-09-07":{"words":30,"characters":173,"sentences":1,"pages":0.10000000000000003,"files":530,"footnotes":0,"citations":0,"totalWords":182345,"totalCharacters":1949548,"totalSentences":8507,"totalFootnotes":269,"totalCitations":269,"totalPages":607.5000000000011},"2024-09-18":{"words":0,"characters":0,"sentences":0,"pages":0,"files":0,"footnotes":0,"citations":0,"totalWords":182490,"totalCharacters":1950689,"totalSentences":8509,"totalFootnotes":0,"totalCitations":0,"totalPages":608.100000000001},"2024-11-07":{"words":0,"characters":0,"sentences":0,"pages":0,"files":533,"footnotes":0,"citations":0,"totalWords":182575,"totalCharacters":1951348,"totalSentences":8510,"totalFootnotes":0,"totalCitations":0,"totalPages":608.4000000000008},"2024-12-24":{"words":21,"characters":124,"sentences":0,"pages":0,"files":540,"footnotes":0,"citations":0,"totalWords":183856,"totalCharacters":1959741,"totalSentences":8569,"totalFootnotes":137,"totalCitations":137,"totalPages":612.7000000000012},"2024-12-25":{"words":0,"characters":0,"sentences":0,"pages":0,"files":0,"footnotes":0,"citations":0,"totalWords":183958,"totalCharacters":1960525,"totalSentences":8570,"totalFootnotes":0,"totalCitations":0,"totalPages":613.0000000000013},"2024-12-28":{"words":168,"characters":1403,"sentences":4,"pages":0.5,"files":546,"footnotes":0,"citations":0,"totalWords":184480,"totalCharacters":1974958,"totalSentences":8583,"totalFootnotes":8,"totalCitations":8,"totalPages":614.8000000000012},"2024-12-29":{"words":59,"characters":548,"sentences":1,"pages":0.19999999999999996,"files":548,"footnotes":0,"citations":0,"totalWords":184889,"totalCharacters":1978626,"totalSentences":8589,"totalFootnotes":3,"totalCitations":3,"totalPages":616.2000000000012},"2024-12-30":{"words":754,"characters":4293,"sentences":67,"pages":2.4999999999999996,"files":548,"footnotes":0,"citations":0,"totalWords":186368,"totalCharacters":1987169,"totalSentences":8715,"totalFootnotes":3997,"totalCitations":3997,"totalPages":621.1000000000013},"2024-12-31":{"words":43,"characters":225,"sentences":0,"pages":0.10000000000000003,"files":549,"footnotes":0,"citations":0,"totalWords":186495,"totalCharacters":1987989,"totalSentences":8716,"totalFootnotes":208,"totalCitations":208,"totalPages":621.5000000000011},"2025-01-02":{"words":3,"characters":25,"sentences":0,"pages":0,"files":549,"footnotes":0,"citations":0,"totalWords":186498,"totalCharacters":1988015,"totalSentences":8716,"totalFootnotes":36,"totalCitations":36,"totalPages":621.5000000000011},"2025-01-11":{"words":31,"characters":339,"sentences":0,"pages":0.10000000000000003,"files":550,"footnotes":0,"citations":0,"totalWords":186616,"totalCharacters":1988957,"totalSentences":8717,"totalFootnotes":8,"totalCitations":8,"totalPages":621.9000000000011},"2025-02-24":{"words":8,"characters":67,"sentences":0,"pages":0,"files":551,"footnotes":0,"citations":0,"totalWords":186708,"totalCharacters":1989618,"totalSentences":8718,"totalFootnotes":27,"totalCitations":27,"totalPages":622.2000000000011},"2025-03-08":{"words":0,"characters":0,"sentences":0,"pages":0,"files":0,"footnotes":0,"citations":0,"totalWords":184586,"totalCharacters":1977038,"totalSentences":8614,"totalFootnotes":0,"totalCitations":0,"totalPages":615.1000000000013},"2025-04-04":{"words":12,"characters":74,"sentences":1,"pages":0,"files":547,"footnotes":0,"citations":0,"totalWords":184690,"totalCharacters":1977773,"totalSentences":8616,"totalFootnotes":51,"totalCitations":51,"totalPages":615.4000000000012},"2025-04-09":{"words":0,"characters":0,"sentences":1,"pages":0,"files":548,"footnotes":0,"citations":0,"totalWords":184741,"totalCharacters":1978138,"totalSentences":8618,"totalFootnotes":192,"totalCitations":192,"totalPages":615.6000000000013},"2025-04-20":{"words":0,"characters":0,"sentences":0,"pages":0,"files":0,"footnotes":0,"citations":0,"totalWords":184741,"totalCharacters":1978139,"totalSentences":8618,"totalFootnotes":0,"totalCitations":0,"totalPages":615.6000000000013}},"modifiedFiles":{}}