{
  "main": {
    "id": "dd00f9190d458e2e",
    "type": "split",
    "children": [
      {
        "id": "f8023e3c21245844",
        "type": "tabs",
        "children": [
          {
            "id": "9de1812f4f50a60b",
            "type": "leaf",
            "state": {
              "type": "markdown",
              "state": {
                "file": "fleeting notes/20241229230417 DataCamp SupplyChain Analytics Transcript.md",
                "mode": "source",
                "source": false
              },
              "icon": "lucide-file",
              "title": "20241229230417 DataCamp SupplyChain Analytics Transcript"
            }
          },
          {
            "id": "4ebf8fa746fd493a",
            "type": "leaf",
            "state": {
              "type": "markdown",
              "state": {
                "file": "_Dailies/2024-12-29.md",
                "mode": "source",
                "source": false
              },
              "icon": "lucide-file",
              "title": "2024-12-29"
            }
          },
          {
            "id": "0f39e9b31e6480e2",
            "type": "leaf",
            "state": {
              "type": "markdown",
              "state": {
                "file": "fleeting notes/20241231230803 new years.md",
                "mode": "source",
                "source": false
              },
              "icon": "lucide-file",
              "title": "20241231230803 new years"
            }
          },
          {
            "id": "b8a09f4e8a5dfb2d",
            "type": "leaf",
            "state": {
              "type": "markdown",
              "state": {
                "file": "fleeting notes/20250111184554 Data Science Supply CHain.md",
                "mode": "source",
                "source": false
              },
              "icon": "lucide-file",
              "title": "20250111184554 Data Science Supply CHain"
            }
          },
          {
            "id": "e471643a45f22249",
            "type": "leaf",
            "state": {
              "type": "canvas",
              "state": {
                "file": "fleeting notes/DataLabNotes Topic Map.canvas",
                "viewState": {
                  "x": -384.47197735359475,
                  "y": -2271.1291999675827,
                  "zoom": -1.43111608685782
                }
              },
              "icon": "lucide-layout-dashboard",
              "title": "DataLabNotes Topic Map"
            }
          }
        ],
        "currentTab": 4
      }
    ],
    "direction": "vertical"
  },
  "left": {
    "id": "8d96486adf2f4562",
    "type": "split",
    "children": [
      {
        "id": "94e624b0181e1065",
        "type": "tabs",
        "children": [
          {
            "id": "ef6f4b6779b2ef11",
            "type": "leaf",
            "state": {
              "type": "file-explorer",
              "state": {
                "sortOrder": "alphabetical"
              },
              "icon": "lucide-folder-closed",
              "title": "Files"
            }
          },
          {
            "id": "a47f745f18d5b5be",
            "type": "leaf",
            "state": {
              "type": "search",
              "state": {
                "query": "iot",
                "matchingCase": false,
                "explainSearch": false,
                "collapseAll": false,
                "extraContext": false,
                "sortOrder": "alphabetical"
              },
              "icon": "lucide-search",
              "title": "Search"
            }
          },
          {
            "id": "f53652b6fc0d0fb7",
            "type": "leaf",
            "state": {
              "type": "bookmarks",
              "state": {},
              "icon": "lucide-bookmark",
              "title": "Bookmarks"
            }
          }
        ],
        "currentTab": 1
      }
    ],
    "direction": "horizontal",
    "width": 300
  },
  "right": {
    "id": "8e325b51d6b2d0fa",
    "type": "split",
    "children": [
      {
        "id": "eb61710775d22fa7",
        "type": "tabs",
        "children": [
          {
            "id": "44c9926a7f917225",
            "type": "leaf",
            "state": {
              "type": "backlink",
              "state": {
                "collapseAll": false,
                "extraContext": false,
                "sortOrder": "alphabetical",
                "showSearch": false,
                "searchQuery": "",
                "backlinkCollapsed": false,
                "unlinkedCollapsed": true
              },
              "icon": "links-coming-in",
              "title": "Backlinks"
            }
          },
          {
            "id": "6db83711f90d22c0",
            "type": "leaf",
            "state": {
              "type": "outgoing-link",
              "state": {
                "linksCollapsed": false,
                "unlinkedCollapsed": true
              },
              "icon": "links-going-out",
              "title": "Outgoing links"
            }
          },
          {
            "id": "c4feafd882e9e416",
            "type": "leaf",
            "state": {
              "type": "tag",
              "state": {
                "sortOrder": "frequency",
                "useHierarchy": true
              },
              "icon": "lucide-tags",
              "title": "Tags"
            }
          },
          {
            "id": "d6c5eb89751bd843",
            "type": "leaf",
            "state": {
              "type": "outline",
              "state": {},
              "icon": "lucide-list",
              "title": "Outline"
            }
          }
        ]
      }
    ],
    "direction": "horizontal",
    "width": 300,
    "collapsed": true
  },
  "left-ribbon": {
    "hiddenItems": {
      "obsidian-wordpress:WordPress Publish": false,
      "templater-obsidian:Templater": false,
      "obsidian-projects:Open projects": false,
      "obsidian-excalidraw-plugin:Create new drawing": false,
      "obsidian-full-calendar:Open Full Calendar": false,
      "obsidian-book-search-plugin:Create new book note": false,
      "zk-prefixer:Create new unique note": false,
      "audio-recorder:Start/stop recording": false,
      "workspaces:Manage workspace layouts": false,
      "switcher:Open quick switcher": false,
      "graph:Open graph view": false,
      "canvas:Create new canvas": false,
      "daily-notes:Open today's daily note": false,
      "templates:Insert template": false,
      "command-palette:Open command palette": false
    }
  },
  "active": "e471643a45f22249",
  "lastOpenFiles": [
    "Data Science Topic Ideas.md",
    "fleeting notes/data engineering for iot.md",
    "fleeting notes/CRISP-DM in the wild 2.md",
    "fleeting notes/Applications of Ontology in the Internet of Things-A Systematic Analysis.md",
    "DataLabNotes/mySocialPosts/20230524081037 iot ontology social post.md",
    "_Dailies/2023-05-26.md",
    "100 Ideas MOC.md",
    "000 Index.md",
    "fleeting notes/20250409214514 job search.md",
    "Distributed Config Worker Sims.md",
    "fleeting notes/20250111184554 Data Science Supply CHain.md",
    "fleeting notes/20241228133733 SnowProCertification null Distributed Config Worker Sims .md",
    "fleeting notes/20250224223608 36 Birthday.md",
    "_Dailies/2025-03-08.md",
    "fleeting notes/20241229230417 DataCamp SupplyChain Analytics Transcript.md",
    "fleeting notes/20241231230803 new years.md",
    "fleeting notes/20241228142952 Supply Chain Data Science.md",
    "_Dailies/2024-12-29.md",
    "_Dailies/2023-06-11.md",
    "Excalidraw/Drawing 2024-12-28 20.14.48.excalidraw.md",
    "DLN Blog MOC.md",
    "060 Writings MOC.md",
    "fleeting notes/20241228133733 SnowProCertification.md",
    "_Dailies/2024-12-28.md",
    "fleeting notes/DataLabNotes Topic Map.canvas",
    "fleeting notes/20241228112502 null.md",
    "fleeting notes/20241228112502.md",
    "_Resources/IMG_1447.jpg",
    "_Resources/Pasted image 20240825170955.png",
    "_Resources/Pasted image 20230704000819.png",
    "_Resources/Pasted image 20230704000453.png",
    "_Resources/Screenshot 2024-01-29 at 1.56.11 PM.png",
    "_Resources/Pasted image 20230704000750.png",
    "_Resources/screenshot 1.png",
    "_Resources/Pasted image 20230704000951.png",
    "_Resources/Screen Shot 2023-07-02 at 2.53.02 PM.png",
    "_Resources/IMG_9052.jpg",
    "_Resources/Freud+-+Creative+Writers+and+Day+Dreaming(1).pdf",
    "_Resources/dc.pdf",
    "_Resources/Math-of-Storytelling-Infographic.pdf",
    "Dataiku Release Notes.canvas",
    "fleeting notes/Knowledge Graphs for IoT.canvas",
    "Peacefully_Maggie/Self-Care/Writing/Science Writing Portfolio",
    "Peacefully_Maggie/Self-Care/Pearl Hopper/People and Language",
    "Peacefully_Maggie/Self-Care/Pearl Hopper/Short Stories",
    "Peacefully_Maggie/Self-Care/Pearl Hopper/Preptober",
    "Peacefully_Maggie/Self-Care/Writing/horoscopes",
    "Peacefully_Maggie/Self-Care/Writing/Ideas",
    "Peacefully_Maggie/Self-Care/Pearl Hopper"
  ]
}