{
  "workspaces": {
    "Data Lab Notes Fresh Start": {
      "main": {
        "id": "01c41979e78f1fbf",
        "type": "split",
        "children": [
          {
            "id": "c4ce9405d5f8e044",
            "type": "split",
            "children": [
              {
                "id": "56f6496f8db1a9bf",
                "type": "tabs",
                "children": [
                  {
                    "id": "1e7c1c4105c0356a",
                    "type": "leaf",
                    "state": {
                      "type": "markdown",
                      "state": {
                        "file": "_Dailies/2023-06-04.md",
                        "mode": "source",
                        "source": false
                      }
                    }
                  }
                ]
              },
              {
                "id": "20e4646362792334",
                "type": "split",
                "children": [
                  {
                    "id": "b147e2ce2226f806",
                    "type": "tabs",
                    "children": [
                      {
                        "id": "70a611c50c36285a",
                        "type": "leaf",
                        "state": {
                          "type": "markdown",
                          "state": {
                            "file": "Internet of Things MOC.md",
                            "mode": "source",
                            "source": false
                          }
                        }
                      },
                      {
                        "id": "3ca9f04ca228a318",
                        "type": "leaf",
                        "state": {
                          "type": "markdown",
                          "state": {
                            "file": "Data Science MOC.md",
                            "mode": "source",
                            "source": false
                          }
                        }
                      }
                    ],
                    "currentTab": 1
                  },
                  {
                    "id": "e8989fbd9aded582",
                    "type": "tabs",
                    "children": [
                      {
                        "id": "f96d2b35a9b59f1d",
                        "type": "leaf",
                        "state": {
                          "type": "obsidian-projects",
                          "state": {}
                        }
                      }
                    ]
                  }
                ],
                "direction": "vertical"
              }
            ],
            "direction": "horizontal"
          }
        ],
        "direction": "vertical"
      },
      "left": {
        "id": "78c3956c1ba41798",
        "type": "split",
        "children": [
          {
            "id": "976ffeb30cb263d0",
            "type": "tabs",
            "children": [
              {
                "id": "c95459f577cd3dff",
                "type": "leaf",
                "state": {
                  "type": "file-explorer",
                  "state": {
                    "sortOrder": "alphabetical"
                  }
                }
              },
              {
                "id": "5ca46b96b6ffd319",
                "type": "leaf",
                "state": {
                  "type": "search",
                  "state": {
                    "query": "ontology",
                    "matchingCase": false,
                    "explainSearch": false,
                    "collapseAll": false,
                    "extraContext": false,
                    "sortOrder": "alphabetical"
                  }
                }
              },
              {
                "id": "d440c775db146478",
                "type": "leaf",
                "state": {
                  "type": "starred",
                  "state": {}
                }
              },
              {
                "id": "76f72afa2fc29555",
                "type": "leaf",
                "state": {
                  "type": "bookmarks",
                  "state": {}
                }
              }
            ]
          }
        ],
        "direction": "horizontal",
        "width": 224.50418853759766
      },
      "right": {
        "id": "504c583e1cda1f47",
        "type": "split",
        "children": [
          {
            "id": "239e61c2ddd01455",
            "type": "tabs",
            "children": [
              {
                "id": "df0e92c50abe4a24",
                "type": "leaf",
                "state": {
                  "type": "backlink",
                  "state": {
                    "collapseAll": false,
                    "extraContext": false,
                    "sortOrder": "alphabetical",
                    "showSearch": false,
                    "searchQuery": "",
                    "backlinkCollapsed": true,
                    "unlinkedCollapsed": false
                  }
                }
              },
              {
                "id": "04652eab7b38c217",
                "type": "leaf",
                "state": {
                  "type": "outgoing-link",
                  "state": {
                    "linksCollapsed": false,
                    "unlinkedCollapsed": true
                  }
                }
              },
              {
                "id": "1d78feeb9e35fbc3",
                "type": "leaf",
                "state": {
                  "type": "tag",
                  "state": {
                    "sortOrder": "frequency",
                    "useHierarchy": true
                  }
                }
              },
              {
                "id": "3249abcc80d51955",
                "type": "leaf",
                "state": {
                  "type": "outline",
                  "state": {}
                }
              }
            ]
          }
        ],
        "direction": "horizontal",
        "width": 300,
        "collapsed": true
      },
      "left-ribbon": {
        "hiddenItems": {
          "switcher:Open quick switcher": false,
          "graph:Open graph view": false,
          "canvas:Create new canvas": false,
          "daily-notes:Open today's daily note": false,
          "templates:Insert template": false,
          "command-palette:Open command palette": false,
          "obsidian-wordpress:WordPress Publish": false,
          "audio-recorder:Start/stop recording": false,
          "zk-prefixer:Create new unique note": false,
          "templater-obsidian:Templater": false,
          "workspaces:Manage workspace layouts": false,
          "obsidian-projects:Open projects": false
        }
      },
      "active": "f96d2b35a9b59f1d"
    },
    "Todos Fresh Start": {
      "main": {
        "id": "01c41979e78f1fbf",
        "type": "split",
        "children": [
          {
            "id": "e10961334f3977f1",
            "type": "tabs",
            "children": [
              {
                "id": "b910670686393aca",
                "type": "leaf",
                "state": {
                  "type": "empty",
                  "state": {}
                }
              }
            ]
          }
        ],
        "direction": "vertical"
      },
      "left": {
        "id": "78c3956c1ba41798",
        "type": "split",
        "children": [
          {
            "id": "976ffeb30cb263d0",
            "type": "tabs",
            "children": [
              {
                "id": "c95459f577cd3dff",
                "type": "leaf",
                "state": {
                  "type": "file-explorer",
                  "state": {
                    "sortOrder": "alphabetical"
                  }
                }
              },
              {
                "id": "5ca46b96b6ffd319",
                "type": "leaf",
                "state": {
                  "type": "search",
                  "state": {
                    "query": "",
                    "matchingCase": false,
                    "explainSearch": false,
                    "collapseAll": false,
                    "extraContext": false,
                    "sortOrder": "alphabetical"
                  }
                }
              },
              {
                "id": "d440c775db146478",
                "type": "leaf",
                "state": {
                  "type": "starred",
                  "state": {}
                }
              },
              {
                "id": "76f72afa2fc29555",
                "type": "leaf",
                "state": {
                  "type": "bookmarks",
                  "state": {}
                }
              }
            ]
          }
        ],
        "direction": "horizontal",
        "width": 224.50418853759766,
        "collapsed": true
      },
      "right": {
        "id": "504c583e1cda1f47",
        "type": "split",
        "children": [
          {
            "id": "239e61c2ddd01455",
            "type": "tabs",
            "children": [
              {
                "id": "df0e92c50abe4a24",
                "type": "leaf",
                "state": {
                  "type": "backlink",
                  "state": {
                    "collapseAll": false,
                    "extraContext": false,
                    "sortOrder": "alphabetical",
                    "showSearch": false,
                    "searchQuery": "",
                    "backlinkCollapsed": true,
                    "unlinkedCollapsed": false
                  }
                }
              },
              {
                "id": "04652eab7b38c217",
                "type": "leaf",
                "state": {
                  "type": "outgoing-link",
                  "state": {
                    "linksCollapsed": false,
                    "unlinkedCollapsed": true
                  }
                }
              },
              {
                "id": "1d78feeb9e35fbc3",
                "type": "leaf",
                "state": {
                  "type": "tag",
                  "state": {
                    "sortOrder": "frequency",
                    "useHierarchy": true
                  }
                }
              },
              {
                "id": "3249abcc80d51955",
                "type": "leaf",
                "state": {
                  "type": "outline",
                  "state": {}
                }
              }
            ]
          }
        ],
        "direction": "horizontal",
        "width": 300,
        "collapsed": true
      },
      "left-ribbon": {
        "hiddenItems": {
          "obsidian-excalidraw-plugin:Create new drawing": false,
          "switcher:Open quick switcher": false,
          "graph:Open graph view": false,
          "canvas:Create new canvas": false,
          "daily-notes:Open today's daily note": false,
          "templates:Insert template": false,
          "command-palette:Open command palette": false,
          "obsidian-wordpress:WordPress Publish": false,
          "audio-recorder:Start/stop recording": false,
          "zk-prefixer:Create new unique note": false,
          "templater-obsidian:Templater": false,
          "workspaces:Manage workspace layouts": false,
          "obsidian-projects:Open projects": false,
          "obsidian-full-calendar:Open Full Calendar": false
        }
      },
      "active": "b910670686393aca"
    }
  },
  "active": "Data Lab Notes Fresh Start"
}